model,accuracy,macro_f1,weighted_f1,macro_precision,macro_recall,auroc,cv_mean,cv_std,n_features,n_estimators,status,auroc_defect,precision_anomaly,recall_anomaly,f1_anomaly,n_anomalies,contamination_rate,expected_contamination
SVM,0.9743589743589743,0.9400000000000001,0.9641025641025641,0.9333333333333332,0.95,1.0,0.9870967741935484,0.0158031596308592,44.0,,success,,,,,,,
Random Forest,0.9743589743589743,0.9400000000000001,0.9641025641025641,0.9333333333333333,0.95,1.0,1.0,0.0,44.0,100.0,success,,,,,,,
Logistic Regression,0.9743589743589743,0.9400000000000001,0.9641025641025641,0.9333333333333332,0.95,0.9493243243243242,0.9870967741935484,0.025806451612903247,44.0,,success,,,,,,,
MLP,0.9743589743589743,0.9400000000000001,0.9641025641025641,0.9333333333333333,0.95,0.9486486486486486,0.9935483870967742,0.0129032258064516,44.0,,success,,,,,,,
Isolation Forest,,,,,,,,,,,success,0.4864864864864865,1.0,0.10810810810810811,0.1951219512195122,4.0,0.10256410256410256,0.1
